id,id_day,date,sentence_id,.fitted,high_note
1,1,2022-02-24,53,3.3215819219098366,TRUE
2,1,2022-02-25,68,3.204563694462469,TRUE
3,2,2022-02-25,55,1.6114944765936332,TRUE
4,3,2022-02-25,67,0.1428630590442687,TRUE
5,1,2022-02-26,57,1.003137097409645,TRUE
6,2,2022-02-26,54,2.538679213910009,TRUE
7,1,2022-02-27,68,2.0536599527201442,TRUE
8,2,2022-02-27,47,2.3584041389443033,TRUE
9,3,2022-02-27,33,0.8304928614733055,TRUE
10,1,2022-02-28,67,2.597880655612438,TRUE
11,2,2022-02-28,74,1.1329371269612345,TRUE
12,1,2022-03-01,75,0.20749487735560515,TRUE
13,1,2022-03-02,132,2.413500720115288,TRUE
14,1,2022-03-03,146,1.5903828774132582,TRUE
15,2,2022-03-03,109,0.31754263609943983,TRUE
16,1,2022-03-04,104,1.0239444873751893,TRUE
17,2,2022-03-04,126,2.0599306108067093,TRUE
18,1,2022-03-05,113,1.1806175848363774,TRUE
19,2,2022-03-05,124,1.0360653878281139,TRUE
20,1,2022-03-06,132,1.6129537214864103,TRUE
21,2,2022-03-06,126,0.5195211141384164,TRUE
22,1,2022-03-07,122,0.39364004814099246,TRUE
23,2,2022-03-07,141,0.6549056799819895,TRUE
24,1,2022-03-08,125,0.25825878791269935,TRUE
25,2,2022-03-08,115,1.9332217838421362,TRUE
26,3,2022-03-08,118,0.8622710744491,TRUE
27,1,2022-03-09,121,0.911825488605415,TRUE
28,2,2022-03-09,84,1.233982296815662,TRUE
29,1,2022-03-10,90,0.536118739903869,TRUE
30,1,2022-03-11,162,1.655736209495219,TRUE
31,2,2022-03-11,120,1.2606904810059483,TRUE
32,3,2022-03-11,107,2.9144724963804878,TRUE
33,1,2022-03-12,147,1.5001436965669688,TRUE
34,2,2022-03-12,104,0.24363514595724767,TRUE
35,3,2022-03-12,136,0.7566911235841658,TRUE
36,1,2022-03-13,149,0.7433264428531972,TRUE
37,1,2022-03-14,133,1.6312432762374356,TRUE
38,2,2022-03-14,128,2.00291277172741,TRUE
39,1,2022-03-15,125,1.0641024490852709,TRUE
40,2,2022-03-15,149,0.5104748459628662,TRUE
41,3,2022-03-15,172,1.9084864059313784,TRUE
42,1,2022-03-16,143,0.152440548443875,TRUE
43,2,2022-03-16,102,2.7867367898626414,TRUE
44,3,2022-03-16,186,1.0405617791687667,TRUE
45,1,2022-03-17,121,2.2675002408156453,TRUE
46,2,2022-03-17,140,0.8045634315318841,TRUE
47,1,2022-03-18,144,1.3012245398858715,TRUE
48,2,2022-03-18,109,1.3954457389464774,TRUE
49,1,2022-03-19,106,2.7052545777306163,TRUE
50,2,2022-03-19,113,1.931454981780102,TRUE
51,1,2022-03-20,102,0.22634439138588397,TRUE
52,2,2022-03-20,120,1.550980806850769,TRUE
53,1,2022-03-21,86,1.2441370457793595,TRUE
54,2,2022-03-21,104,1.0355236434083674,TRUE
55,1,2022-03-22,51,0.94960260706455,TRUE
56,2,2022-03-22,169,1.4796562476862054,TRUE
57,3,2022-03-22,190,0.8823176403700238,TRUE
58,1,2022-03-23,93,1.8634016165917806,TRUE
59,2,2022-03-23,166,0.8641313184542533,TRUE
60,3,2022-03-23,166,0.4318010238079234,TRUE
61,1,2022-03-24,164,1.196440442417924,TRUE
62,2,2022-03-24,131,1.9126535579418504,TRUE
63,3,2022-03-24,141,3.0508016079755262,TRUE
64,4,2022-03-24,96,2.7859492954716485,TRUE
65,1,2022-03-25,209,-0.19601227829526008,FALSE
66,2,2022-03-25,43,2.4620588183824377,TRUE
67,3,2022-03-25,117,2.4026605301363633,TRUE
68,4,2022-03-25,221,-0.09628840175103377,FALSE
69,1,2022-03-26,136,0.9896958412202673,TRUE
70,1,2022-03-28,65,2.55654278342029,TRUE
71,2,2022-03-28,80,4.015570448007467,TRUE
72,1,2022-03-29,120,1.7003656231610318,TRUE
73,2,2022-03-29,93,3.3047093246686217,TRUE
74,1,2022-03-30,149,2.8049348440574975,TRUE
75,2,2022-03-30,72,2.2341423816260004,TRUE
76,1,2022-03-31,147,0.3794148064431294,TRUE
77,2,2022-03-31,178,1.8551876560653384,TRUE
78,3,2022-03-31,114,2.7105032427547813,TRUE
79,1,2022-04-01,123,1.113299060503365,TRUE
80,1,2022-04-02,106,1.3676865228763786,TRUE
81,1,2022-04-03,151,2.1939498853145087,TRUE
82,2,2022-04-03,128,-0.09034305055627805,FALSE
83,1,2022-04-04,110,2.436043020104077,TRUE
84,1,2022-04-05,113,2.129243837140167,TRUE
85,2,2022-04-05,176,-0.03372363693439429,FALSE
86,3,2022-04-05,109,0.8169190804440238,TRUE
87,1,2022-04-06,62,0.9186959610046816,TRUE
88,2,2022-04-06,134,1.9675546078175052,TRUE
89,1,2022-04-07,113,2.2761023997519674,TRUE
90,2,2022-04-07,119,2.0609130312392816,TRUE
91,3,2022-04-07,114,0.16067727842890725,TRUE
92,4,2022-04-07,109,4.176871184555852,TRUE
93,1,2022-04-08,156,1.350937379323249,TRUE
94,2,2022-04-08,81,1.0365304550678562,TRUE
95,1,2022-04-09,86,3.1842294989987163,TRUE
96,1,2022-04-10,103,3.4382984444174243,TRUE
97,1,2022-04-11,143,-0.5589781153494794,FALSE
98,1,2022-04-12,79,3.864457703104164,TRUE
99,1,2022-04-13,122,1.6594586485171439,TRUE
100,2,2022-04-13,114,0.4607097107855953,TRUE
101,3,2022-04-13,65,2.6243234907441,TRUE
102,1,2022-04-14,135,1.673288933711038,TRUE
103,1,2022-04-15,111,4.679555311792462,TRUE
104,1,2022-04-16,96,0.7965428681220308,TRUE
105,1,2022-04-17,102,2.614854763529399,TRUE
106,1,2022-04-18,76,2.8418456861415198,TRUE
107,1,2022-04-19,70,0.8798573682901469,TRUE
108,1,2022-04-20,80,1.9869573900997657,TRUE
109,1,2022-04-21,142,2.3675098371967764,TRUE
110,1,2022-04-22,110,3.4336526161077345,TRUE
111,2,2022-04-22,61,1.2085585713587874,TRUE
112,3,2022-04-22,90,1.8563691488257774,TRUE
113,1,2022-04-24,80,1.8214480046186872,TRUE
114,2,2022-04-24,124,3.6178842456236304,TRUE
115,1,2022-04-25,88,3.9692041669022906,TRUE
116,2,2022-04-25,86,2.105101698499518,TRUE
117,1,2022-04-26,111,3.7167723944011777,TRUE
118,1,2022-04-27,66,2.527986337131352,TRUE
119,1,2022-04-28,82,2.696857916488434,TRUE
120,1,2022-04-29,50,5.46518141644737,TRUE
121,1,2022-04-30,89,1.6764164177437302,TRUE
122,1,2022-05-01,58,3.4280203719449083,TRUE
123,1,2022-05-02,77,2.158366729428542,TRUE
124,1,2022-05-03,119,2.072621064573312,TRUE
125,2,2022-05-03,106,3.3286087923954897,TRUE
126,3,2022-05-03,81,4.1603513138842265,TRUE
127,1,2022-05-04,65,1.3236257602595998,TRUE
128,1,2022-05-05,77,3.7349133634087073,TRUE
129,2,2022-05-05,48,1.430689563741773,TRUE
130,3,2022-05-05,100,2.666089586177009,TRUE
131,1,2022-05-06,110,1.5387436610682763,TRUE
132,2,2022-05-06,89,1.6909234138672524,TRUE
133,3,2022-05-06,61,2.147446296787923,TRUE
134,1,2022-05-07,66,3.1543423829413584,TRUE
135,1,2022-05-08,178,0.4465334700470525,TRUE
136,2,2022-05-08,94,4.216603030172995,TRUE
137,3,2022-05-08,73,4.000339988057221,TRUE
138,1,2022-05-09,70,2.2961549867083506,TRUE
139,2,2022-05-09,61,0.5303223298387786,TRUE
140,1,2022-05-10,106,1.1320316014962206,TRUE
141,2,2022-05-10,57,1.296381668465267,TRUE
142,1,2022-05-11,123,1.102176313348238,TRUE
143,2,2022-05-11,63,1.8345292064916077,TRUE
144,1,2022-05-12,47,5.894537003911507,TRUE
145,2,2022-05-12,65,2.67067417973073,TRUE
146,1,2022-05-13,53,2.451905688321017,TRUE
147,1,2022-05-14,40,1.5768150354770045,TRUE
148,1,2022-05-15,49,2.0849830484726097,TRUE
149,1,2022-05-16,130,0.30046206268369074,TRUE
150,1,2022-05-17,41,0.5743189680633127,TRUE
151,2,2022-05-17,117,0.4547648936768154,TRUE
152,1,2022-05-18,45,0.0833971786800371,TRUE
153,2,2022-05-18,58,-0.22632798714045388,FALSE
154,3,2022-05-18,64,2.913149480123636,TRUE
155,1,2022-05-19,158,0.28248517240365295,TRUE
156,2,2022-05-19,59,4.2377703588688265,TRUE
157,1,2022-05-20,72,1.3983955779200206,TRUE
158,1,2022-05-21,69,1.203354226668483,TRUE
159,1,2022-05-22,119,0.7318549444361179,TRUE
160,2,2022-05-22,56,1.1038520326422887,TRUE
161,1,2022-05-23,151,-0.26007896952388626,FALSE
162,2,2022-05-23,64,1.8392493662592584,TRUE
163,1,2022-05-24,80,3.38636277118229,TRUE
164,1,2022-05-25,82,1.9850182098551397,TRUE
165,1,2022-05-26,90,0.4000239560609427,TRUE
166,2,2022-05-26,89,1.4558645418370235,TRUE
167,1,2022-05-27,113,1.328541740817194,TRUE
168,2,2022-05-27,139,0.3098446970096859,TRUE
169,3,2022-05-27,62,1.66174381478794,TRUE
170,1,2022-05-28,62,1.05703557853645,TRUE
171,1,2022-05-29,105,0.5223096369114072,TRUE
172,1,2022-05-30,151,-1.8243865108802417,FALSE
173,2,2022-05-30,60,-0.3298965130221584,FALSE
174,1,2022-05-31,61,2.2184583032695198,TRUE
175,1,2022-06-02,88,2.342323135425092,TRUE
176,2,2022-06-02,118,1.9521234473100766,TRUE
177,3,2022-06-02,109,1.1093223878998382,TRUE
178,4,2022-06-02,71,3.907308527338322,TRUE
179,1,2022-06-03,119,1.2548586607825367,TRUE
180,1,2022-06-04,78,0.9608770135337036,TRUE
181,2,2022-06-04,41,2.655268646550666,TRUE
182,3,2022-06-04,55,-0.025718234068919103,FALSE
183,1,2022-06-05,27,-0.22886640173799447,FALSE
184,1,2022-06-06,34,1.3893550174328402,TRUE
185,2,2022-06-06,63,2.739725588984565,TRUE
186,1,2022-06-07,72,0.8922702208408899,TRUE
187,1,2022-06-08,65,1.8925116251906788,TRUE
188,2,2022-06-08,51,4.176119864116502,TRUE
189,1,2022-06-09,111,1.213522233787106,TRUE
190,2,2022-06-09,67,1.8589329571500404,TRUE
191,3,2022-06-09,59,0.966345144085955,TRUE
192,1,2022-06-10,74,1.7695499563434776,TRUE
193,2,2022-06-10,87,1.7751827402826204,TRUE
194,1,2022-06-11,54,2.0193677255767497,TRUE
195,2,2022-06-11,81,3.937356252988179,TRUE
196,3,2022-06-11,43,0.5193580229443598,TRUE
197,1,2022-06-12,43,1.8880179301026674,TRUE
198,2,2022-06-12,49,1.9987939276543238,TRUE
199,1,2022-06-13,50,1.6295035141362746,TRUE
200,2,2022-06-13,86,1.3193632826721267,TRUE
201,1,2022-06-14,50,2.481965496337604,TRUE
202,1,2022-06-15,79,1.3004740105228974,TRUE
203,2,2022-06-15,46,1.2871347376395412,TRUE
204,1,2022-06-16,51,0.45960822967936316,TRUE
205,1,2022-06-17,73,1.8057907016028036,TRUE
206,2,2022-06-17,57,-0.36114192629817643,FALSE
207,1,2022-06-19,33,2.7885301639135083,TRUE
208,2,2022-06-19,48,1.2189586184810888,TRUE
209,1,2022-06-20,55,1.1617759017305196,TRUE
210,2,2022-06-20,98,0.9673262928621226,TRUE
211,3,2022-06-20,94,3.020191214594139,TRUE
212,1,2022-06-21,74,2.762804038771663,TRUE
213,2,2022-06-21,22,2.757178713017388,TRUE
214,3,2022-06-21,57,2.35670320067888,TRUE
215,1,2022-06-22,24,-0.08369266237471905,FALSE
216,2,2022-06-22,92,2.961060163379366,TRUE
217,1,2022-06-23,74,2.2127593386611477,TRUE
218,2,2022-06-23,155,2.2999278710782862,TRUE
219,3,2022-06-23,120,2.362979835636688,TRUE
220,1,2022-06-24,140,0.8006001318181161,TRUE
221,2,2022-06-24,20,0.8521458859930867,TRUE
222,3,2022-06-24,74,0.9002442831337852,TRUE
223,1,2022-06-25,21,2.8360301817159583,TRUE
224,2,2022-06-25,39,1.3013314224788795,TRUE
225,1,2022-06-26,65,1.5031155445176623,TRUE
226,1,2022-06-27,53,2.5724377004451298,TRUE
227,1,2022-06-28,122,2.092878463911488,TRUE
228,1,2022-06-29,93,0.035642258064818924,TRUE
229,2,2022-06-29,31,3.689607668393667,TRUE
230,3,2022-06-29,139,0.2597032065413717,TRUE
231,4,2022-06-29,47,0.7834300483619039,TRUE
232,1,2022-06-30,40,2.207845257646355,TRUE
233,1,2022-07-01,71,1.7577713954495238,TRUE
234,2,2022-07-01,71,5.612645524891803,TRUE
235,3,2022-07-01,42,5.105968165058222,TRUE
236,1,2022-07-02,40,3.0393990809563323,TRUE
237,1,2022-07-03,58,2.3056816504261453,TRUE
238,1,2022-07-04,65,2.5619219014432355,TRUE
239,2,2022-07-04,103,2.1329295253288842,TRUE
240,3,2022-07-04,52,1.2578604786767948,TRUE
241,1,2022-07-05,111,-1.0083758519279062,FALSE
242,2,2022-07-05,40,0.35850941757821436,TRUE
243,1,2022-07-06,44,1.532129974916425,TRUE
244,1,2022-07-07,37,2.130688076593211,TRUE
245,1,2022-07-08,84,1.8549514638521938,TRUE
246,1,2022-07-09,31,1.0615654448824399,TRUE
247,2,2022-07-09,27,2.2568593302012294,TRUE
248,1,2022-07-10,37,1.4108087872378838,TRUE
249,1,2022-07-11,47,2.7733424111947644,TRUE
250,1,2022-07-12,55,2.119559473985342,TRUE
251,1,2022-07-13,71,2.577244139664046,TRUE
252,2,2022-07-13,42,1.7615186815620065,TRUE
253,1,2022-07-14,98,2.1960056964499164,TRUE
254,2,2022-07-14,55,-0.17211535819445986,FALSE
255,1,2022-07-15,45,2.753447478350305,TRUE
256,1,2022-07-16,49,0.310627268163051,TRUE
257,1,2022-07-17,66,2.1641689030062246,TRUE
258,1,2022-07-18,35,3.0233495501548053,TRUE
259,1,2022-07-19,53,2.7013028201766347,TRUE
260,1,2022-07-20,43,4.08681580166001,TRUE
261,1,2022-07-21,41,2.3490256379322543,TRUE
262,1,2022-07-22,49,1.8884199714570418,TRUE
263,1,2022-07-23,54,2.4344835145847123,TRUE
264,2,2022-07-23,53,0.66397852621674,TRUE
265,1,2022-07-24,33,1.4644541003664673,TRUE
266,1,2022-07-25,31,1.5939026025048435,TRUE
267,1,2022-07-26,58,4.830840374083191,TRUE
268,2,2022-07-26,44,0.8561416262930439,TRUE
269,1,2022-07-27,35,1.308321078681265,TRUE
270,1,2022-07-28,84,1.0877881437759496,TRUE
271,2,2022-07-28,86,2.6248167449258584,TRUE
272,3,2022-07-28,38,1.2846826879072306,TRUE
273,1,2022-07-29,52,-1.0155862556516642,FALSE
274,1,2022-07-30,42,1.7355190152997184,TRUE
275,1,2022-07-31,38,2.250390300374022,TRUE
276,1,2022-08-01,39,2.775459268104189,TRUE
277,1,2022-08-02,45,1.239650920344664,TRUE
278,1,2022-08-03,95,1.0605575269805243,TRUE
279,2,2022-08-03,47,2.2182703340970455,TRUE
280,1,2022-08-04,49,0.7641710049106906,TRUE
281,1,2022-08-05,47,4.140086542481969,TRUE
282,1,2022-08-06,54,1.465816678957398,TRUE
283,1,2022-08-07,36,3.024306873817993,TRUE
284,1,2022-08-08,50,2.3961041206728315,TRUE
285,1,2022-08-09,48,2.954252476021897,TRUE
286,1,2022-08-10,51,0.5663890913532421,TRUE
287,1,2022-08-11,106,1.58523267542854,TRUE
288,2,2022-08-11,52,2.3754750520969496,TRUE
289,1,2022-08-12,45,1.2382466648590023,TRUE
290,1,2022-08-13,40,2.6099563017285194,TRUE
291,1,2022-08-14,30,2.866902048466398,TRUE
292,1,2022-08-15,59,1.2082480763770977,TRUE
293,1,2022-08-16,49,1.373546931280231,TRUE
294,1,2022-08-17,99,2.7653893014018514,TRUE
295,2,2022-08-17,29,3.4501868488607865,TRUE
296,1,2022-08-18,56,3.1466598755789366,TRUE
297,1,2022-08-19,39,4.171134264256471,TRUE
298,1,2022-08-20,42,1.8176976910282359,TRUE
299,1,2022-08-22,43,1.2870461494768675,TRUE
300,2,2022-08-22,49,1.6721824789460105,TRUE
301,1,2022-08-23,120,2.0559328770879284,TRUE
302,2,2022-08-23,82,0.8034182923138071,TRUE
303,1,2022-08-24,140,0.9085253263258926,TRUE
304,2,2022-08-24,86,3.63594739801091,TRUE
305,3,2022-08-24,24,2.6375830012327612,TRUE
306,1,2022-08-25,55,1.529472271391665,TRUE
307,1,2022-08-26,44,4.02212352999356,TRUE
308,1,2022-08-27,47,3.7036963542784176,TRUE
309,1,2022-08-28,40,1.8151646069330183,TRUE
310,1,2022-08-29,107,1.429467577160341,TRUE
311,2,2022-08-29,90,2.8910916772660946,TRUE
312,3,2022-08-29,86,2.7042388964858923,TRUE
313,4,2022-08-29,46,2.8269245280749287,TRUE
314,1,2022-08-30,52,2.789732155959049,TRUE
315,1,2022-08-31,117,1.715160722095004,TRUE
316,2,2022-08-31,39,2.6080489234963955,TRUE
317,1,2022-09-01,40,2.251020609301358,TRUE
318,2,2022-09-01,96,1.781667855503953,TRUE
319,3,2022-09-01,27,-0.8238827800551705,FALSE
320,4,2022-09-01,78,1.5144092576368535,TRUE
321,1,2022-09-02,123,1.675777814410776,TRUE
322,2,2022-09-02,42,0.513087079385822,TRUE
323,1,2022-09-03,37,3.147943224308629,TRUE
324,1,2022-09-04,56,-0.7657018351437831,FALSE
325,1,2022-09-05,49,1.6262857661166343,TRUE
326,1,2022-09-06,87,2.3170564977680144,TRUE
327,2,2022-09-06,78,4.227449442908236,TRUE
328,1,2022-09-07,84,3.119088858030706,TRUE
329,1,2022-09-08,50,1.9717499800098577,TRUE
330,1,2022-09-09,58,2.0976555168865616,TRUE
331,1,2022-09-10,56,2.594401517928796,TRUE
332,2,2022-09-10,128,1.9055099150923234,TRUE
333,1,2022-09-11,150,0.14245893433386797,TRUE
334,1,2022-09-12,71,0.6939766094766012,TRUE
335,1,2022-09-13,43,2.8918644010503027,TRUE
336,1,2022-09-15,67,1.6728702716747834,TRUE
337,2,2022-09-15,66,0.40429201832452566,TRUE
338,1,2022-09-16,48,3.36833994194676,TRUE
339,1,2022-09-17,50,1.2270823632364027,TRUE
340,1,2022-09-18,29,3.275306408019692,TRUE
341,1,2022-09-19,44,2.7121535818165863,TRUE
342,1,2022-09-21,61,1.7066952911116076,TRUE
343,2,2022-09-21,56,3.2954092589426036,TRUE
344,1,2022-09-22,243,0.7974255167109608,TRUE
345,2,2022-09-22,85,3.431144244997835,TRUE
346,1,2022-09-23,87,4.0712910242174924,TRUE
347,2,2022-09-23,39,3.347655069897913,TRUE
348,3,2022-09-23,104,0.9389803136239906,TRUE
349,1,2022-09-24,57,1.7690198880565644,TRUE
350,1,2022-09-25,68,1.5836919858378615,TRUE
351,1,2022-09-26,48,5.179116415214449,TRUE
352,1,2022-09-27,60,2.9426500789893297,TRUE
353,2,2022-09-27,46,3.351017316134375,TRUE
354,1,2022-09-28,136,2.090363290132064,TRUE
355,2,2022-09-28,68,-0.42542288144983575,FALSE
356,3,2022-09-28,49,4.467656893390401,TRUE
357,1,2022-09-29,89,1.141472473380575,TRUE
358,2,2022-09-29,59,-1.1335924711587901,FALSE
359,1,2022-09-30,72,1.5988184418130245,TRUE
360,2,2022-09-30,69,2.6514504281704276,TRUE
361,1,2022-10-01,59,3.3136549800717696,TRUE
362,1,2022-10-02,69,1.3675683812807848,TRUE
363,1,2022-10-03,72,1.9419317133770355,TRUE
364,1,2022-10-04,40,0.5796039595406401,TRUE
365,1,2022-10-05,98,2.248172133305188,TRUE
366,2,2022-10-05,67,3.230789287434988,TRUE
367,1,2022-10-06,67,2.9267973313796647,TRUE
368,2,2022-10-06,99,3.0549803681687067,TRUE
369,3,2022-10-06,110,2.5331276153788127,TRUE
370,4,2022-10-06,66,1.866015952204272,TRUE
371,1,2022-10-07,100,1.599508332863033,TRUE
372,2,2022-10-07,40,3.4208044957034924,TRUE
373,1,2022-10-08,77,2.175508018502907,TRUE
374,2,2022-10-08,42,3.2736310227423355,TRUE
375,1,2022-10-09,54,1.2114080063931263,TRUE
376,1,2022-10-10,29,0.9144444301478076,TRUE
377,2,2022-10-10,105,0.5253621006581479,TRUE
378,1,2022-10-11,117,1.742257627373819,TRUE
379,2,2022-10-11,83,3.07144660455176,TRUE
380,3,2022-10-11,55,1.293968167874109,TRUE
381,1,2022-10-12,46,1.331578322213638,TRUE
382,2,2022-10-12,58,2.9281953373577054,TRUE
383,1,2022-10-13,99,1.6431067017334744,TRUE
384,2,2022-10-13,66,0.28774521273268405,TRUE
385,1,2022-10-14,167,2.7296113341155497,TRUE
386,2,2022-10-14,59,4.675316569321647,TRUE
387,1,2022-10-15,42,1.8025143787065767,TRUE
388,1,2022-10-16,62,3.339864484312704,TRUE
389,1,2022-10-17,63,2.157483144402204,TRUE
390,1,2022-10-18,53,1.4746576483475553,TRUE
391,1,2022-10-19,60,5.657962137834672,TRUE
392,1,2022-10-20,111,1.924248395179433,TRUE
393,2,2022-10-20,65,2.132398112838341,TRUE
394,1,2022-10-21,69,1.0804967582384972,TRUE
395,2,2022-10-21,52,2.521110544418436,TRUE
396,1,2022-10-22,52,2.6333398060853423,TRUE
397,1,2022-10-23,53,0.9839338728397204,TRUE
398,1,2022-10-24,97,1.594553164667033,TRUE
399,2,2022-10-24,63,2.0631637471846775,TRUE
400,1,2022-10-25,125,1.3063833267102116,TRUE
401,2,2022-10-25,86,2.8534513555859014,TRUE
402,3,2022-10-25,44,4.098947524815801,TRUE
403,1,2022-10-26,56,2.31328677748365,TRUE
404,1,2022-10-28,122,0.533127044712098,TRUE
405,2,2022-10-28,51,3.481237406644675,TRUE
406,1,2022-10-29,83,0.8091933059637015,TRUE
407,2,2022-10-29,69,2.0121200940781665,TRUE
408,1,2022-10-30,58,3.044098791257626,TRUE
409,1,2022-10-31,41,1.505343295598482,TRUE
410,2,2022-10-31,56,3.696574371626699,TRUE
411,1,2022-11-01,58,2.853663274585749,TRUE
412,1,2022-11-02,53,1.9642597923562644,TRUE
413,1,2022-11-03,86,1.6428968153470243,TRUE
414,1,2022-11-04,62,1.8571861372639864,TRUE
415,1,2022-11-05,52,2.117266292917875,TRUE
416,1,2022-11-06,47,1.8592416758983872,TRUE
417,1,2022-11-07,66,4.3481322981310315,TRUE
418,1,2022-11-08,49,1.97652787127828,TRUE
419,2,2022-11-08,54,2.683622639181389,TRUE
420,3,2022-11-08,59,2.6195286719383453,TRUE
421,1,2022-11-09,64,-0.5756108660647609,FALSE
422,1,2022-11-10,64,1.363783783034136,TRUE
423,1,2022-11-11,8,4.0185136433259144e-16,TRUE
424,2,2022-11-11,77,2.5396216529820177,TRUE
425,1,2022-11-12,53,1.8282898000341896,TRUE
426,1,2022-11-13,61,3.796786061700214,TRUE
427,1,2022-11-14,67,2.421847106004123,TRUE
428,1,2022-11-15,226,2.756499831126103,TRUE
429,2,2022-11-15,75,0.8176449988551794,TRUE
430,1,2022-11-16,47,2.8453977855790376,TRUE
431,2,2022-11-16,65,-0.6434830694755643,FALSE
432,1,2022-11-17,95,1.1642787080481465,TRUE
433,2,2022-11-17,63,2.1308508251544978,TRUE
434,1,2022-11-18,60,3.0780458057341424,TRUE
435,2,2022-11-18,60,3.4111467382652703,TRUE
436,1,2022-11-19,41,1.0008652991840201,TRUE
437,2,2022-11-19,31,2.551652813665923,TRUE
438,1,2022-11-20,66,1.2117928257599786,TRUE
439,2,2022-11-20,38,2.8446889994526567,TRUE
440,1,2022-11-21,136,1.8502841723283487,TRUE
441,2,2022-11-21,63,3.2760906948730883,TRUE
442,3,2022-11-21,54,3.75506039282281,TRUE
443,1,2022-11-22,76,2.136128436202948,TRUE
444,2,2022-11-22,63,3.1897584082843222,TRUE
445,1,2022-11-24,62,3.035720060890702,TRUE
446,2,2022-11-24,44,2.7008811705223863,TRUE
447,3,2022-11-24,55,3.4856879255402924,TRUE
448,4,2022-11-24,72,1.757073955298261,TRUE
449,1,2022-11-25,90,1.0714256504270963,TRUE
450,2,2022-11-25,51,2.3638072782919712,TRUE
451,1,2022-11-26,148,0.3357840875738198,TRUE
452,2,2022-11-26,62,3.0228233378660243,TRUE
453,1,2022-11-27,37,1.3989709026702286,TRUE
454,1,2022-11-28,64,1.2081811064602395,TRUE
455,1,2022-11-29,59,2.000338372649331,TRUE
456,2,2022-11-29,48,2.342225238079421,TRUE
457,1,2022-11-30,35,2.0866039953587134,TRUE
458,1,2022-12-01,68,1.4756870674822666,TRUE
459,1,2022-12-02,50,2.128820100857587,TRUE
460,1,2022-12-03,45,0.9033073713598498,TRUE
461,1,2022-12-04,46,3.1249969469788317,TRUE
462,1,2022-12-05,64,2.019386888657017,TRUE
463,2,2022-12-05,48,0.5146899061182156,TRUE
464,1,2022-12-06,43,1.2982996930421042,TRUE
465,1,2022-12-07,29,0.038448395551214154,TRUE
466,2,2022-12-07,30,1.427692036865296,TRUE
467,3,2022-12-07,59,2.7161643522203107,TRUE
468,1,2022-12-08,29,2.376310392445345,TRUE
469,2,2022-12-08,27,2.228596497494675,TRUE
470,1,2022-12-09,21,0.5858892747313463,TRUE
471,2,2022-12-09,72,2.6498980438582023,TRUE
472,3,2022-12-09,89,1.5752664155076472,TRUE
473,4,2022-12-09,35,1.365221896439878,TRUE
474,1,2022-12-10,55,1.6240107990974142,TRUE
475,1,2022-12-11,33,1.7087515000737314,TRUE
476,1,2022-12-12,89,2.143101072151807,TRUE
477,2,2022-12-12,60,1.1586396117872253,TRUE
478,1,2022-12-13,86,1.1585616449261107,TRUE
479,2,2022-12-13,83,2.312045456253299,TRUE
480,3,2022-12-13,36,2.5090929636866144,TRUE
481,4,2022-12-13,88,0.9450216448690587,TRUE
482,1,2022-12-14,62,4.97169539447487,TRUE
483,2,2022-12-14,58,2.552268347273675,TRUE
484,1,2022-12-15,96,1.7637586014605509,TRUE
485,2,2022-12-15,32,2.740029395907092,TRUE
486,1,2022-12-16,48,2.0079671403494235,TRUE
487,1,2022-12-17,35,0.4532739475184082,TRUE
488,1,2022-12-18,58,0.7442024066889675,TRUE
489,1,2022-12-19,115,1.7116891072816085,TRUE
490,2,2022-12-19,66,0.9952948491444255,TRUE
491,1,2022-12-20,35,0.7465619466019602,TRUE
492,1,2022-12-22,156,1.136085372586827,TRUE
493,2,2022-12-22,24,3.35133842500744,TRUE
494,1,2022-12-23,148,1.4956477113785842,TRUE
495,2,2022-12-23,49,0.24582678231671973,TRUE
496,1,2022-12-24,102,2.203921773160848,TRUE
497,1,2022-12-25,48,4.9335408642794585,TRUE
498,1,2022-12-26,44,0.7703055720342101,TRUE
499,1,2022-12-27,36,1.4880892163081443,TRUE
500,1,2022-12-28,328,2.1313267339695394,TRUE
501,2,2022-12-28,39,2.673243283191782,TRUE
502,1,2022-12-29,44,1.5479210434979216,TRUE
503,1,2022-12-30,33,1.3717591288472304,TRUE
504,1,2022-12-31,63,1.0149147531166602,TRUE
505,2,2022-12-31,265,-0.042469965925870476,FALSE
506,1,2023-01-01,34,1.7463415941035307,TRUE
507,1,2023-01-02,37,3.445161403270663,TRUE
508,1,2023-01-03,50,2.1666687332121524,TRUE
509,1,2023-01-04,45,3.149188643052378,TRUE
510,1,2023-01-05,62,3.5065501236014396,TRUE
511,1,2023-01-06,43,0.4413630719532202,TRUE
512,2,2023-01-06,53,1.5576084928717793,TRUE
513,1,2023-01-07,27,1.089863746522586,TRUE
514,1,2023-01-08,43,2.116608916651988,TRUE
515,1,2023-01-09,40,0.20252209863670737,TRUE
516,1,2023-01-10,42,0.389744226747474,TRUE
517,1,2023-01-11,30,3.5653289807325237,TRUE
518,1,2023-01-12,34,1.0349791355167395,TRUE
519,1,2023-01-13,78,3.264958695560344,TRUE
520,2,2023-01-13,43,1.8705658957543791,TRUE
521,1,2023-01-14,49,1.146360668870289,TRUE
522,1,2023-01-15,46,2.7299353956825065,TRUE
523,1,2023-01-16,67,0.5221196044031909,TRUE
524,1,2023-01-17,82,2.4053265696839135,TRUE
525,2,2023-01-17,34,0.884823953085891,TRUE
526,1,2023-01-18,68,0.8742528233968184,TRUE
527,2,2023-01-18,46,0.1575058740963803,TRUE
528,1,2023-01-19,34,6.951679056737244,TRUE
529,2,2023-01-19,58,1.694665312749436,TRUE
530,1,2023-01-20,66,1.514880576774077,TRUE
531,2,2023-01-20,50,3.415020261932232,TRUE
532,1,2023-01-21,50,0.991820803110057,TRUE
533,2,2023-01-21,21,0.4065492357776443,TRUE
534,1,2023-01-22,64,4.358649805382077,TRUE
535,2,2023-01-22,53,2.2024178556252814,TRUE
536,1,2023-01-23,51,2.1485732768510677,TRUE
537,2,2023-01-23,50,2.9406486931924825,TRUE
538,1,2023-01-24,73,1.3776615189440764,TRUE
539,1,2023-01-25,71,0.0321509021383651,TRUE
540,1,2023-01-26,57,0.056322302566900184,TRUE
541,1,2023-01-27,10,-2.9322117108014996,FALSE
542,2,2023-01-27,51,0.9088213442935621,TRUE
543,1,2023-01-28,41,0.3443181075851837,TRUE
544,1,2023-01-29,49,3.669994083515183,TRUE
545,1,2023-01-30,39,2.493718657481789,TRUE
546,1,2023-01-31,42,1.4181446031806988,TRUE
547,1,2023-02-01,41,3.5508651830988485,TRUE
548,1,2023-02-02,53,1.6691214649747805,TRUE
549,2,2023-02-02,45,-0.06371241288245078,FALSE
550,3,2023-02-02,46,2.333994909361045,TRUE
551,1,2023-02-03,64,1.5526513521942655,TRUE
552,1,2023-02-04,51,3.445733773867308,TRUE
553,1,2023-02-05,46,3.6055396101356894,TRUE
554,1,2023-02-06,51,1.426741899227966,TRUE
555,1,2023-02-07,50,3.0909470821353855,TRUE
556,1,2023-02-08,161,0.1337787214686807,TRUE
557,1,2023-02-09,134,0.8125057995074324,TRUE
558,2,2023-02-09,124,1.7743997193493142,TRUE
559,1,2023-02-10,23,2.0206437788587936,TRUE
560,2,2023-02-10,69,2.296157294129484,TRUE
561,3,2023-02-10,63,3.0900846700932503,TRUE
562,1,2023-02-11,34,1.1896237249155464,TRUE
563,1,2023-02-12,38,3.0306789735862334,TRUE
564,1,2023-02-13,75,2.4155863166337106,TRUE
565,1,2023-02-14,55,4.665894530429644,TRUE
566,1,2023-02-15,48,1.5566044874976963,TRUE
567,1,2023-02-16,58,4.037571069972197,TRUE
568,2,2023-02-16,70,1.3176282830567803,TRUE
569,1,2023-02-17,86,1.0813367816140749,TRUE
570,2,2023-02-17,130,1.3435205832236279,TRUE
571,3,2023-02-17,67,2.472966770662935,TRUE
572,4,2023-02-17,42,1.5737639677092456,TRUE
573,1,2023-02-18,52,0.18911833275392168,TRUE
574,1,2023-02-19,54,2.387054449088951,TRUE
575,1,2023-02-20,37,0.6994422984766904,TRUE
576,2,2023-02-20,58,1.9174820828930605,TRUE
577,1,2023-02-21,60,0.9971047870571094,TRUE
578,1,2023-02-22,35,2.1432474870354863,TRUE
579,2,2023-02-22,60,3.8894454099637445,TRUE
580,1,2023-02-24,47,2.362735520363831,TRUE
581,2,2023-02-24,175,0.30260008419819145,TRUE
582,1,2023-02-25,36,2.9302996564009764,TRUE
583,2,2023-02-25,51,4.470355550224801,TRUE
584,3,2023-02-25,36,2.0510449484038555,TRUE
585,4,2023-02-25,37,2.0230145597228013,TRUE
586,1,2023-02-26,68,-0.159341529183038,FALSE
587,1,2023-02-27,42,0.5586987710426319,TRUE
588,1,2023-02-28,49,2.7894600509539482,TRUE
589,2,2023-02-28,72,2.9513261788080505,TRUE
590,1,2023-03-01,46,0.07700361316835977,TRUE
591,1,2023-03-02,45,1.872021423505781,TRUE
592,1,2023-03-03,97,3.8550207727135613,TRUE
593,2,2023-03-03,51,0.5857367968003627,TRUE
594,1,2023-03-04,36,2.859847182721449,TRUE
595,1,2023-03-05,46,1.78927353190612,TRUE
596,1,2023-03-06,48,3.88354724639386,TRUE
597,1,2023-03-07,37,0.5591027414460998,TRUE
598,1,2023-03-08,26,1.0471521570360496,TRUE
599,2,2023-03-08,45,0.7776667090335732,TRUE
600,1,2023-03-09,59,2.163080559821975,TRUE
601,1,2023-03-10,57,3.0854548389804504,TRUE
602,2,2023-03-10,75,2.0631237443933794,TRUE
603,1,2023-03-11,49,1.1631181675971178,TRUE
604,1,2023-03-12,61,1.6605661157770757,TRUE
605,1,2023-03-13,43,4.299414027945166,TRUE
606,1,2023-03-14,47,2.8668623325796783,TRUE
607,1,2023-03-15,68,1.9878553817608824,TRUE
608,1,2023-03-16,72,1.5189743105530413,TRUE
609,1,2023-03-17,44,2.3270265955225873,TRUE
610,1,2023-03-18,46,3.9051413178788272,TRUE
611,1,2023-03-19,49,-0.2172500580882454,FALSE
612,1,2023-03-20,41,2.3046920353799525,TRUE
613,1,2023-03-21,52,2.2070830619448762,TRUE
614,1,2023-03-22,52,1.3065864012873498,TRUE
615,1,2023-03-23,94,1.0235993719600556,TRUE
616,2,2023-03-23,41,2.9168553552591985,TRUE
617,1,2023-03-24,41,1.2863607843426945,TRUE
618,1,2023-03-25,16,3.261191307782974,TRUE
619,2,2023-03-25,41,2.64450794893353,TRUE
620,1,2023-03-26,59,1.8308211003829697,TRUE
621,1,2023-03-27,56,2.3271687691004064,TRUE
622,1,2023-03-28,36,0.7324865520622631,TRUE
623,1,2023-03-29,86,1.9360015727582254,TRUE
624,2,2023-03-29,43,2.442021844521345,TRUE
625,1,2023-03-30,79,0.48508242182559685,TRUE
626,2,2023-03-30,51,3.4486583248734655,TRUE
627,1,2023-03-31,26,3.381199176502548,TRUE
628,1,2023-04-01,47,2.4011562624101357,TRUE
629,1,2023-04-02,47,2.7720488710057607,TRUE
630,1,2023-04-03,55,1.6468427078817023,TRUE
631,1,2023-04-04,86,3.344941935714718,TRUE
632,2,2023-04-04,49,1.5050512576579964,TRUE
633,1,2023-04-05,117,1.2698797484574287,TRUE
634,2,2023-04-05,132,1.1608212416420003,TRUE
635,1,2023-04-06,38,2.4437088094749275,TRUE
636,1,2023-04-07,34,1.183294875382405,TRUE
637,1,2023-04-08,55,1.5693992058043218,TRUE
638,1,2023-04-09,54,3.8335166036069874,TRUE
639,1,2023-04-11,40,2.6746139196688725,TRUE
640,1,2023-04-12,32,-1.4392050236748368,FALSE
641,2,2023-04-12,50,3.046748416939987,TRUE
642,3,2023-04-12,70,1.1680731110787927,TRUE
643,1,2023-04-13,51,1.422085522219802,TRUE
644,1,2023-04-14,46,0.9935410072459423,TRUE
645,1,2023-04-15,40,2.478266342393412,TRUE
646,1,2023-04-16,86,-0.1744594571070697,FALSE
647,1,2023-04-17,43,1.4082899017404042,TRUE
648,1,2023-04-18,38,-1.3891564753351948,FALSE
649,1,2023-04-19,29,2.8157412280799052,TRUE
650,1,2023-04-20,74,1.6498433179154857,TRUE
651,2,2023-04-20,51,2.777313974227818,TRUE
652,1,2023-04-21,104,0.636784942555716,TRUE
653,2,2023-04-21,46,3.180575541961061,TRUE
654,1,2023-04-22,40,2.1760590902315897,TRUE
655,1,2023-04-23,51,3.0712779116689743,TRUE
656,1,2023-04-24,45,0.9330041978935059,TRUE
657,1,2023-04-25,56,1.413363207330217,TRUE
658,1,2023-04-26,114,-0.024580624929281626,FALSE
659,2,2023-04-26,59,2.3626556632522084,TRUE
660,1,2023-04-27,44,0.41601874475842104,TRUE
661,1,2023-04-28,47,1.7147766221021234,TRUE
662,1,2023-04-29,35,0.2912180750386698,TRUE
663,1,2023-04-30,34,2.0686215545153024,TRUE
664,1,2023-05-01,52,2.24393355067945,TRUE
665,1,2023-05-02,38,2.3761380644906573,TRUE
666,1,2023-05-04,72,3.336047493107125,TRUE
667,2,2023-05-04,101,0.5973829814518055,TRUE
668,1,2023-05-05,126,2.6667928382473614,TRUE
669,2,2023-05-05,48,1.8309124939904962,TRUE
670,1,2023-05-06,39,3.350914905959546,TRUE
671,1,2023-05-07,36,3.576841922475321,TRUE
672,1,2023-05-08,91,2.0062272064777393,TRUE
673,2,2023-05-08,49,0.14527412598209283,TRUE
674,1,2023-05-09,52,2.135091377375628,TRUE
675,2,2023-05-09,35,3.8639557426612985,TRUE
676,1,2023-05-10,46,2.693362528486022,TRUE
677,1,2023-05-11,51,2.800122218431133,TRUE
678,1,2023-05-12,31,0.7674019821034777,TRUE
679,1,2023-05-13,44,2.1156656153413156,TRUE
680,1,2023-05-14,150,2.8534312437995357,TRUE
681,1,2023-05-15,44,2.1800265341690896,TRUE
682,1,2023-05-16,42,2.2498457301499277,TRUE
683,2,2023-05-16,51,2.795286321267496,TRUE
684,1,2023-05-17,29,0.5585710373966328,TRUE
685,1,2023-05-18,62,0.7833624528015676,TRUE
686,2,2023-05-18,45,-0.25522434656178355,FALSE
687,1,2023-05-19,65,1.6806869209973314,TRUE
688,1,2023-05-20,42,1.6649462436831208,TRUE
689,1,2023-05-21,75,0.6077412845721134,TRUE
690,2,2023-05-21,44,-0.5410513876745033,FALSE
691,3,2023-05-21,84,2.2304317630375445,TRUE
692,4,2023-05-21,26,0.9946203148742794,TRUE
693,1,2023-05-22,33,2.3591264554106,TRUE
694,1,2023-05-23,34,4.090461639573383,TRUE
695,1,2023-05-24,54,2.867652706636817,TRUE
696,1,2023-05-25,41,2.6204539937136766,TRUE
697,2,2023-05-25,52,0.5872599370130915,TRUE
698,3,2023-05-25,76,1.2650540149935732,TRUE
699,1,2023-05-26,38,0.5738426075074218,TRUE
700,1,2023-05-27,42,3.3307588189194237,TRUE
701,1,2023-05-28,66,2.978612214275723,TRUE
702,1,2023-05-29,14,-0.43010054614447635,FALSE
703,2,2023-05-29,61,3.560462935186299,TRUE
704,1,2023-05-30,50,1.9752037690501,TRUE
705,1,2023-05-31,131,0.7012549907169547,TRUE
706,2,2023-05-31,43,1.3466133536579166,TRUE
707,1,2023-06-01,69,0.9067719767308524,TRUE
708,2,2023-06-01,44,2.36372570058203,TRUE
709,1,2023-06-02,50,2.8351377101764927,TRUE
710,1,2023-06-03,69,3.1164191351720043,TRUE
711,1,2023-06-04,50,1.1436651667868925,TRUE
712,1,2023-06-05,50,1.772214120478294,TRUE
713,1,2023-06-06,78,1.9980315661107408,TRUE
714,2,2023-06-06,36,2.60116871043301,TRUE
715,1,2023-06-07,35,0.6098162284855885,TRUE
716,2,2023-06-07,66,2.3467083643707642,TRUE
717,1,2023-06-08,64,2.172694985193628,TRUE
718,1,2023-06-09,51,1.6124615133674214,TRUE
719,2,2023-06-09,47,0.8049640796780428,TRUE
720,1,2023-06-10,48,2.4142215073472593,TRUE
721,1,2023-06-11,54,1.722151255712671,TRUE
722,2,2023-06-11,45,2.9779398298443276,TRUE
723,1,2023-06-12,34,1.3245415964377338,TRUE
724,1,2023-06-13,66,2.6861896004538117,TRUE
725,1,2023-06-14,39,3.34092912479021,TRUE
726,1,2023-06-15,70,0.06764424611210701,TRUE
727,2,2023-06-15,43,1.726872914026593,TRUE
728,1,2023-06-16,28,1.4496551381939031,TRUE
729,1,2023-06-17,42,2.1879963576321453,TRUE
730,1,2023-06-18,52,2.5480477198088978,TRUE
731,1,2023-06-19,50,2.29720522428106,TRUE
732,1,2023-06-20,34,2.0451722103521046,TRUE
733,1,2023-06-21,116,1.3950241628160178,TRUE
734,2,2023-06-21,46,4.452704881407466,TRUE
735,1,2023-06-22,34,0.6272084830905793,TRUE
736,2,2023-06-22,32,0.8296106184619607,TRUE
737,3,2023-06-22,47,2.5207100897787704,TRUE
738,1,2023-06-23,76,2.243532404273274,TRUE
739,2,2023-06-23,52,0.3575143166551438,TRUE
740,3,2023-06-23,51,3.625871389376732,TRUE
741,1,2023-06-24,63,1.859309921661703,TRUE
742,1,2023-06-25,56,1.2994477272237566,TRUE
743,2,2023-06-25,40,1.4480753282334462,TRUE
744,1,2023-06-27,36,3.2865847498893364,TRUE
745,2,2023-06-27,40,1.6582289533663843,TRUE
746,1,2023-06-28,600,0.7274580934515076,TRUE
747,2,2023-06-28,62,1.4446728010985102,TRUE
748,1,2023-06-29,67,2.458946605799521,TRUE
749,2,2023-06-29,30,1.5270377336040617,TRUE
750,3,2023-06-29,34,3.190611137046316,TRUE
751,1,2023-06-30,42,2.034632310436732,TRUE
752,1,2023-07-01,34,1.7061409961361935,TRUE
753,1,2023-07-02,22,1.6191353669771085,TRUE
754,1,2023-07-03,64,0.9370042550341353,TRUE
755,1,2023-07-04,43,1.6163120447438888,TRUE
756,1,2023-07-05,30,2.3242806847523587,TRUE
757,2,2023-07-05,81,0.7044052692352508,TRUE
758,1,2023-07-06,64,3.672018768481312,TRUE
759,1,2023-07-08,14,1.950106780382501,TRUE
