id,date,id_day,time,n
1,2022-02-14,1,20H 53M 0S,930
2,2022-02-19,1,18H 14M 0S,2470
3,2022-02-24,1,18H 1M 0S,670
4,2022-02-25,1,1H 10M 0S,659
5,2022-02-25,2,7H 27M 0S,528
6,2022-02-25,3,13H 7M 0S,606
7,2022-02-26,1,38M 0S,612
8,2022-02-26,2,12H 14M 0S,659
9,2022-02-27,1,9H 54M 0S,639
10,2022-02-27,2,10H 21M 0S,476
11,2022-02-27,3,18H 10M 0S,365
12,2022-02-28,1,11H 0M 0S,680
13,2022-02-28,2,23H 48M 0S,689
14,2022-03-01,1,12H 37M 0S,672
15,2022-03-02,1,9H 32M 0S,939
16,2022-03-03,1,1H 14M 0S,1018
17,2022-03-03,2,11H 20M 0S,924
18,2022-03-04,1,11H 21M 0S,826
19,2022-03-04,2,23H 6M 0S,1046
20,2022-03-05,1,11H 22M 0S,905
21,2022-03-05,2,21H 40M 0S,701
22,2022-03-06,1,12H 22M 0S,823
23,2022-03-06,2,23H 9M 0S,793
24,2022-03-07,1,12H 1M 0S,1049
25,2022-03-07,2,23H 42M 0S,1105
26,2022-03-08,1,12H 23M 0S,1007
27,2022-03-08,2,20H 36M 0S,1024
28,2022-03-08,3,23H 36M 0S,958
29,2022-03-09,1,12H 34M 0S,1060
30,2022-03-09,2,23H 56M 0S,820
31,2022-03-10,1,14H 8M 0S,925
32,2022-03-11,1,9M 0S,1336
33,2022-03-11,2,14H 19M 0S,1057
34,2022-03-11,3,19H 26M 0S,1070
35,2022-03-12,1,46M 0S,1524
36,2022-03-12,2,13H 46M 0S,1077
37,2022-03-12,3,19H 21M 0S,1189
38,2022-03-13,1,1H 1M 0S,1378
39,2022-03-14,1,19M 0S,966
40,2022-03-14,2,14H 24M 0S,962
41,2022-03-15,1,1H 29M 0S,1024
42,2022-03-15,2,17H 29M 0S,1280
43,2022-03-15,3,19H 57M 0S,1356
44,2022-03-16,1,1H 46M 0S,1482
45,2022-03-16,2,13H 38M 0S,1088
46,2022-03-16,3,17H 27M 0S,1541
47,2022-03-17,1,1H 5M 0S,1222
48,2022-03-17,2,12H 2M 0S,1307
49,2022-03-18,1,52M 0S,1350
50,2022-03-18,2,15H 35M 0S,1385
51,2022-03-19,1,1H 13M 0S,1319
52,2022-03-19,2,18H 29M 0S,1096
53,2022-03-20,1,2H 33M 0S,1225
54,2022-03-20,2,20H 17M 0S,959
55,2022-03-21,1,49M 0S,819
56,2022-03-21,2,21H 17M 0S,836
57,2022-03-22,1,39M 0S,458
58,2022-03-22,2,13H 35M 0S,1317
59,2022-03-22,3,22H 17M 0S,2133
60,2022-03-23,1,2M 0S,918
61,2022-03-23,2,12H 37M 0S,1499
62,2022-03-23,3,18H 0M 0S,1403
63,2022-03-24,1,18M 0S,1264
64,2022-03-24,2,12H 49M 0S,1194
65,2022-03-24,3,14H 18M 0S,1291
66,2022-03-24,4,17H 21M 0S,1055
67,2022-03-25,1,1H 3M 0S,1378
68,2022-03-25,2,1H 11M 0S,454
69,2022-03-25,3,22H 18M 0S,1410
70,2022-03-25,4,22H 27M 0S,2049
71,2022-03-26,1,23H 31M 0S,1617
72,2022-03-28,1,38M 0S,817
73,2022-03-28,2,23H 55M 0S,1000
74,2022-03-29,1,15H 45M 0S,1552
75,2022-03-29,2,22H 53M 0S,1200
76,2022-03-30,1,17H 22M 0S,1951
77,2022-03-30,2,23H 53M 0S,791
78,2022-03-31,1,11H 38M 0S,1876
79,2022-03-31,2,13H 31M 0S,1929
80,2022-03-31,3,16H 55M 0S,1223
81,2022-04-01,1,5M 0S,1356
82,2022-04-02,1,1H 17M 0S,990
83,2022-04-03,1,5M 0S,1566
84,2022-04-03,2,21H 22M 0S,1382
85,2022-04-04,1,21H 26M 0S,1576
86,2022-04-05,1,38M 0S,1454
87,2022-04-05,2,21H 7M 0S,2065
88,2022-04-05,3,21H 24M 0S,1184
89,2022-04-06,1,16M 0S,927
90,2022-04-06,2,14H 13M 0S,1653
91,2022-04-07,1,30M 0S,1658
92,2022-04-07,2,14H 17M 0S,1500
93,2022-04-07,3,20H 5M 0S,1513
94,2022-04-07,4,23H 39M 0S,1255
95,2022-04-08,1,15H 5M 0S,1931
96,2022-04-08,2,23H 37M 0S,1092
97,2022-04-09,1,22H 27M 0S,1130
98,2022-04-10,1,23H 45M 0S,1171
99,2022-04-11,1,13H 22M 0S,1677
100,2022-04-12,1,7M 0S,1079
101,2022-04-13,1,36M 0S,1466
102,2022-04-13,2,14H 12M 0S,1694
103,2022-04-13,3,23H 6M 0S,789
104,2022-04-14,1,23H 59M 0S,1395
105,2022-04-15,1,23H 31M 0S,1451
106,2022-04-16,1,23H 54M 0S,1250
107,2022-04-17,1,23H 41M 0S,1213
108,2022-04-18,1,23H 15M 0S,1210
109,2022-04-19,1,22H 49M 0S,1210
110,2022-04-20,1,22H 18M 0S,1203
111,2022-04-21,1,20H 50M 0S,1787
112,2022-04-22,1,5M 0S,1615
113,2022-04-22,2,26M 0S,793
114,2022-04-22,3,22H 53M 0S,1118
115,2022-04-24,1,24M 0S,764
116,2022-04-24,2,9H 9M 0S,1222
117,2022-04-25,1,10H 58M 0S,1359
118,2022-04-25,2,23H 7M 0S,1114
119,2022-04-26,1,22H 48M 0S,1552
120,2022-04-27,1,20H 50M 0S,937
121,2022-04-28,1,22H 57M 0S,1058
122,2022-04-29,1,22H 3M 0S,918
123,2022-04-30,1,23H 35M 0S,1110
124,2022-05-01,1,21H 22M 0S,756
125,2022-05-02,1,22H 51M 0S,981
126,2022-05-03,1,15H 11M 0S,1223
127,2022-05-03,2,16H 3M 0S,1320
128,2022-05-03,3,23H 56M 0S,859
129,2022-05-04,1,23H 51M 0S,661
130,2022-05-05,1,45M 0S,780
131,2022-05-05,2,15H 15M 0S,735
132,2022-05-05,3,23H 58M 0S,1211
133,2022-05-06,1,20H 8M 0S,1494
134,2022-05-06,2,20H 48M 0S,990
135,2022-05-06,3,23H 35M 0S,791
136,2022-05-07,1,22H 41M 0S,809
137,2022-05-08,1,9H 5M 0S,1754
138,2022-05-08,2,22H 16M 0S,1468
139,2022-05-08,3,23H 54M 0S,944
140,2022-05-09,1,9H 5M 0S,765
141,2022-05-09,2,23H 56M 0S,775
142,2022-05-10,1,15H 19M 0S,1540
143,2022-05-10,2,22H 46M 0S,717
144,2022-05-11,1,19H 15M 0S,1521
145,2022-05-11,2,22H 18M 0S,897
146,2022-05-12,1,8H 46M 0S,857
147,2022-05-12,2,23H 16M 0S,779
148,2022-05-13,1,23H 8M 0S,718
149,2022-05-14,1,22H 51M 0S,662
150,2022-05-15,1,23H 1M 0S,748
151,2022-05-16,1,20H 52M 0S,1367
152,2022-05-17,1,17M 0S,528
153,2022-05-17,2,23H 48M 0S,1186
154,2022-05-18,1,24M 0S,501
155,2022-05-18,2,13H 52M 0S,816
156,2022-05-18,3,23H 42M 0S,889
157,2022-05-19,1,20H 3M 0S,1969
158,2022-05-19,2,23H 51M 0S,832
159,2022-05-20,1,22H 25M 0S,890
160,2022-05-21,1,23H 45M 0S,822
161,2022-05-22,1,16H 3M 0S,1553
162,2022-05-22,2,23H 31M 0S,755
163,2022-05-23,1,14H 55M 0S,2051
164,2022-05-23,2,22H 21M 0S,821
165,2022-05-24,1,22H 55M 0S,1031
166,2022-05-25,1,23H 43M 0S,1032
167,2022-05-26,1,16H 22M 0S,1446
168,2022-05-26,2,23H 51M 0S,1066
169,2022-05-27,1,15H 18M 0S,1752
170,2022-05-27,2,22H 53M 0S,1748
171,2022-05-27,3,23H 44M 0S,747
172,2022-05-28,1,21H 59M 0S,689
173,2022-05-29,1,20H 58M 0S,1228
174,2022-05-30,1,20H 14M 0S,1913
175,2022-05-30,2,23H 28M 0S,873
176,2022-05-31,1,22H 35M 0S,898
177,2022-06-02,1,23M 0S,942
178,2022-06-02,2,13H 30M 0S,1533
179,2022-06-02,3,18H 11M 0S,1476
180,2022-06-02,4,23H 58M 0S,971
181,2022-06-03,1,21H 35M 0S,1127
182,2022-06-04,1,9H 7M 0S,923
183,2022-06-04,2,10H 28M 0S,460
184,2022-06-04,3,23H 17M 0S,689
185,2022-06-05,1,21H 15M 0S,323
186,2022-06-06,1,1H 18M 0S,246
187,2022-06-06,2,23H 58M 0S,847
188,2022-06-07,1,23H 59M 0S,1066
189,2022-06-08,1,17H 46M 0S,795
190,2022-06-08,2,22H 38M 0S,684
191,2022-06-09,1,9H 25M 0S,1345
192,2022-06-09,2,14H 34M 0S,1214
193,2022-06-09,3,23H 54M 0S,854
194,2022-06-10,1,13H 3M 0S,1308
195,2022-06-10,2,22H 54M 0S,1181
196,2022-06-11,1,9M 0S,784
197,2022-06-11,2,13H 20M 0S,1438
198,2022-06-11,3,23H 30M 0S,575
199,2022-06-12,1,21H 18M 0S,427
200,2022-06-12,2,21H 46M 0S,638
201,2022-06-13,1,13H 22M 0S,680
202,2022-06-13,2,21H 52M 0S,1059
203,2022-06-14,1,22H 29M 0S,662
204,2022-06-15,1,15H 23M 0S,1448
205,2022-06-15,2,22H 46M 0S,648
206,2022-06-16,1,22H 17M 0S,762
207,2022-06-17,1,9H 45M 0S,1146
208,2022-06-17,2,21H 32M 0S,741
209,2022-06-19,1,5H 56M 0S,452
210,2022-06-19,2,22H 55M 0S,549
211,2022-06-20,1,16H 16M 0S,780
212,2022-06-20,2,16H 57M 0S,1489
213,2022-06-20,3,17H 53M 0S,1190
214,2022-06-21,1,1M 0S,906
215,2022-06-21,2,12H 58M 0S,283
216,2022-06-21,3,23H 38M 0S,820
217,2022-06-22,1,11H 54M 0S,254
218,2022-06-22,2,21H 20M 0S,1070
219,2022-06-23,1,20M 0S,833
220,2022-06-23,2,15H 35M 0S,1977
221,2022-06-23,3,22H 26M 0S,1205
222,2022-06-24,1,9H 37M 0S,1621
223,2022-06-24,2,19H 30M 0S,213
224,2022-06-24,3,23H 23M 0S,542
225,2022-06-25,1,25M 0S,158
226,2022-06-25,2,22H 45M 0S,569
227,2022-06-26,1,22H 47M 0S,833
228,2022-06-27,1,22H 39M 0S,728
229,2022-06-28,1,9H 2M 0S,1380
230,2022-06-29,1,0S,1564
231,2022-06-29,2,19M 0S,480
232,2022-06-29,3,13H 56M 0S,1729
233,2022-06-29,4,22H 49M 0S,754
234,2022-06-30,1,23H 32M 0S,554
235,2022-07-01,1,8H 3M 0S,1022
236,2022-07-01,2,11H 43M 0S,1208
237,2022-07-01,3,23H 27M 0S,596
238,2022-07-02,1,23H 10M 0S,631
239,2022-07-03,1,22H 46M 0S,841
240,2022-07-04,1,14H 42M 0S,730
241,2022-07-04,2,16H 44M 0S,1928
242,2022-07-04,3,22H 13M 0S,819
243,2022-07-05,1,12H 25M 0S,1424
244,2022-07-05,2,21H 35M 0S,715
245,2022-07-06,1,22H 30M 0S,731
246,2022-07-07,1,22H 59M 0S,661
247,2022-07-08,1,16H 45M 0S,1672
248,2022-07-09,1,37M 0S,537
249,2022-07-09,2,22H 15M 0S,500
250,2022-07-10,1,22H 25M 0S,557
251,2022-07-11,1,22H 32M 0S,751
252,2022-07-12,1,22H 42M 0S,685
253,2022-07-13,1,15H 4M 0S,1018
254,2022-07-13,2,22H 11M 0S,675
255,2022-07-14,1,17H 11M 0S,1462
256,2022-07-14,2,22H 50M 0S,745
257,2022-07-15,1,23H 19M 0S,647
258,2022-07-16,1,21H 59M 0S,732
259,2022-07-17,1,22H 30M 0S,967
260,2022-07-18,1,22H 37M 0S,475
261,2022-07-19,1,22H 59M 0S,867
262,2022-07-20,1,22H 6M 0S,803
263,2022-07-21,1,22H 25M 0S,837
264,2022-07-22,1,22H 28M 0S,725
265,2022-07-23,1,19H 4M 0S,981
266,2022-07-23,2,23H 42M 0S,689
267,2022-07-24,1,22H 2M 0S,462
268,2022-07-25,1,21H 28M 0S,598
269,2022-07-26,1,20H 20M 0S,896
270,2022-07-26,2,22H 38M 0S,652
271,2022-07-27,1,22H 45M 0S,571
272,2022-07-28,1,10H 41M 0S,1009
273,2022-07-28,2,16H 15M 0S,1504
274,2022-07-28,3,23H 22M 0S,704
275,2022-07-29,1,23H 51M 0S,676
276,2022-07-30,1,22H 22M 0S,569
277,2022-07-31,1,22H 11M 0S,594
278,2022-08-01,1,22H 22M 0S,763
279,2022-08-02,1,21H 50M 0S,811
280,2022-08-03,1,13H 59M 0S,1192
281,2022-08-03,2,22H 43M 0S,817
282,2022-08-04,1,22H 38M 0S,779
283,2022-08-05,1,22H 43M 0S,835
284,2022-08-06,1,22H 47M 0S,865
285,2022-08-07,1,21H 7M 0S,627
286,2022-08-08,1,22H 57M 0S,924
287,2022-08-09,1,23H 11M 0S,725
288,2022-08-10,1,22H 34M 0S,763
289,2022-08-11,1,14H 8M 0S,1560
290,2022-08-11,2,22H 52M 0S,832
291,2022-08-12,1,23H 19M 0S,725
292,2022-08-13,1,21H 56M 0S,767
293,2022-08-14,1,22H 11M 0S,582
294,2022-08-15,1,22H 52M 0S,873
295,2022-08-16,1,22H 9M 0S,851
296,2022-08-17,1,21H 33M 0S,1387
297,2022-08-17,2,21H 41M 0S,584
298,2022-08-18,1,21H 6M 0S,826
299,2022-08-19,1,22H 43M 0S,612
300,2022-08-20,1,21H 22M 0S,647
301,2022-08-22,1,45M 0S,544
302,2022-08-22,2,21H 57M 0S,828
303,2022-08-23,1,17H 5M 0S,2153
304,2022-08-23,2,20H 49M 0S,1077
305,2022-08-24,1,9H 7M 0S,1343
306,2022-08-24,2,21H 21M 0S,1400
307,2022-08-24,3,23H 29M 0S,283
308,2022-08-25,1,22H 18M 0S,1009
309,2022-08-26,1,22H 36M 0S,830
310,2022-08-27,1,22H 5M 0S,653
311,2022-08-28,1,21H 47M 0S,464
312,2022-08-29,1,15H 49M 0S,1816
313,2022-08-29,2,17H 39M 0S,1521
314,2022-08-29,3,21H 12M 0S,1507
315,2022-08-29,4,22H 47M 0S,619
316,2022-08-30,1,22H 3M 0S,911
317,2022-08-31,1,20H 17M 0S,1743
318,2022-08-31,2,23H 0M 0S,661
319,2022-09-01,1,25M 0S,477
320,2022-09-01,2,8H 1M 0S,908
321,2022-09-01,3,10H 3M 0S,327
322,2022-09-01,4,22H 27M 0S,1168
323,2022-09-02,1,12H 26M 0S,1849
324,2022-09-02,2,21H 50M 0S,564
325,2022-09-03,1,21H 20M 0S,572
326,2022-09-04,1,22H 20M 0S,850
327,2022-09-05,1,22H 10M 0S,865
328,2022-09-06,1,19H 48M 0S,1488
329,2022-09-06,2,23H 27M 0S,1307
330,2022-09-07,1,22H 33M 0S,1409
331,2022-09-08,1,22H 11M 0S,935
332,2022-09-09,1,22H 18M 0S,1008
333,2022-09-10,1,21H 34M 0S,943
334,2022-09-10,2,22H 32M 0S,1973
335,2022-09-11,1,22H 10M 0S,1630
336,2022-09-12,1,23H 0M 0S,1098
337,2022-09-13,1,22H 10M 0S,745
338,2022-09-15,1,2H 10M 0S,1044
339,2022-09-15,2,23H 39M 0S,1154
340,2022-09-16,1,22H 38M 0S,794
341,2022-09-17,1,21H 44M 0S,628
342,2022-09-18,1,21H 30M 0S,419
343,2022-09-19,1,20H 5M 0S,625
344,2022-09-21,1,29M 0S,778
345,2022-09-21,2,2H 19M 0S,774
346,2022-09-22,1,2H 12M 0S,2960
347,2022-09-22,2,22H 0M 0S,990
348,2022-09-23,1,10H 2M 0S,1445
349,2022-09-23,2,14H 46M 0S,445
350,2022-09-23,3,23H 14M 0S,1660
351,2022-09-24,1,21H 59M 0S,913
352,2022-09-25,1,23H 25M 0S,907
353,2022-09-26,1,22H 41M 0S,791
354,2022-09-27,1,23H 22M 0S,920
355,2022-09-27,2,23H 56M 0S,652
356,2022-09-28,1,9H 37M 0S,1863
357,2022-09-28,2,22H 52M 0S,1068
358,2022-09-28,3,23H 10M 0S,733
359,2022-09-29,1,20H 21M 0S,1025
360,2022-09-29,2,22H 6M 0S,863
361,2022-09-30,1,17H 2M 0S,861
362,2022-09-30,2,21H 43M 0S,826
363,2022-10-01,1,21H 28M 0S,717
364,2022-10-02,1,23H 3M 0S,1075
365,2022-10-03,1,23H 44M 0S,938
366,2022-10-04,1,22H 44M 0S,708
367,2022-10-05,1,9H 51M 0S,1459
368,2022-10-05,2,22H 49M 0S,1001
369,2022-10-06,1,8H 31M 0S,988
370,2022-10-06,2,13H 42M 0S,1553
371,2022-10-06,3,17H 5M 0S,1285
372,2022-10-06,4,22H 27M 0S,922
373,2022-10-07,1,14H 44M 0S,1530
374,2022-10-07,2,21H 26M 0S,599
375,2022-10-08,1,15H 27M 0S,1081
376,2022-10-08,2,21H 25M 0S,613
377,2022-10-09,1,22H 14M 0S,755
378,2022-10-10,1,11H 9M 0S,215
379,2022-10-10,2,21H 46M 0S,1143
380,2022-10-11,1,17H 3M 0S,1477
381,2022-10-11,2,20H 15M 0S,1036
382,2022-10-11,3,21H 29M 0S,880
383,2022-10-12,1,22H 21M 0S,692
384,2022-10-12,2,22H 49M 0S,880
385,2022-10-13,1,16H 15M 0S,1379
386,2022-10-13,2,22H 39M 0S,989
387,2022-10-14,1,9H 4M 0S,1363
388,2022-10-14,2,23H 12M 0S,683
389,2022-10-15,1,21H 5M 0S,678
390,2022-10-16,1,22H 27M 0S,1007
391,2022-10-17,1,22H 27M 0S,874
392,2022-10-18,1,22H 16M 0S,792
393,2022-10-19,1,23H 6M 0S,818
394,2022-10-20,1,20H 6M 0S,1748
395,2022-10-20,2,22H 39M 0S,1001
396,2022-10-21,1,16H 39M 0S,760
397,2022-10-21,2,20H 27M 0S,891
398,2022-10-22,1,22H 10M 0S,899
399,2022-10-23,1,20H 53M 0S,773
400,2022-10-24,1,17H 46M 0S,1247
401,2022-10-24,2,22H 3M 0S,867
402,2022-10-25,1,13H 14M 0S,1604
403,2022-10-25,2,13H 36M 0S,1326
404,2022-10-25,3,22H 46M 0S,690
405,2022-10-26,1,22H 39M 0S,898
406,2022-10-28,1,2M 0S,1078
407,2022-10-28,2,21H 15M 0S,795
408,2022-10-29,1,11H 58M 0S,1284
409,2022-10-29,2,21H 37M 0S,989
410,2022-10-30,1,22H 48M 0S,912
411,2022-10-31,1,21H 2M 0S,719
412,2022-10-31,2,22H 36M 0S,932
413,2022-11-01,1,22H 47M 0S,887
414,2022-11-02,1,23H 4M 0S,835
415,2022-11-03,1,22H 41M 0S,1371
416,2022-11-04,1,22H 7M 0S,1055
417,2022-11-05,1,19H 6M 0S,918
418,2022-11-06,1,21H 22M 0S,663
419,2022-11-07,1,22H 25M 0S,799
420,2022-11-08,1,12H 45M 0S,871
421,2022-11-08,2,19H 44M 0S,867
422,2022-11-08,3,23H 3M 0S,1000
423,2022-11-09,1,22H 44M 0S,763
424,2022-11-10,1,22H 9M 0S,877
425,2022-11-11,1,15H 17M 0S,100
426,2022-11-11,2,19H 49M 0S,1023
427,2022-11-12,1,20H 5M 0S,826
428,2022-11-13,1,21H 24M 0S,681
429,2022-11-14,1,23H 55M 0S,882
430,2022-11-15,1,7H 31M 0S,3175
431,2022-11-15,2,22H 28M 0S,716
432,2022-11-16,1,9H 21M 0S,474
433,2022-11-16,2,21H 48M 0S,839
434,2022-11-17,1,12H 25M 0S,1257
435,2022-11-17,2,22H 19M 0S,913
436,2022-11-18,1,18H 20M 0S,787
437,2022-11-18,2,23H 28M 0S,820
438,2022-11-19,1,9H 53M 0S,490
439,2022-11-19,2,19H 19M 0S,359
440,2022-11-20,1,19H 17M 0S,616
441,2022-11-20,2,21H 19M 0S,501
442,2022-11-21,1,9H 1M 0S,1104
443,2022-11-21,2,16H 53M 0S,1122
444,2022-11-21,3,22H 10M 0S,917
445,2022-11-22,1,18H 50M 0S,1031
446,2022-11-22,2,22H 47M 0S,895
447,2022-11-24,1,15M 0S,813
448,2022-11-24,2,33M 0S,539
449,2022-11-24,3,13H 59M 0S,1036
450,2022-11-24,4,22H 25M 0S,1001
451,2022-11-25,1,12H 25M 0S,1218
452,2022-11-25,2,22H 5M 0S,709
453,2022-11-26,1,15H 12M 0S,1826
454,2022-11-26,2,20H 4M 0S,792
455,2022-11-27,1,22H 8M 0S,470
456,2022-11-28,1,22H 27M 0S,785
457,2022-11-29,1,15H 13M 0S,774
458,2022-11-29,2,23H 33M 0S,827
459,2022-11-30,1,22H 25M 0S,472
460,2022-12-01,1,22H 47M 0S,878
461,2022-12-02,1,23H 45M 0S,647
462,2022-12-03,1,20H 7M 0S,632
463,2022-12-04,1,21H 53M 0S,599
464,2022-12-05,1,17H 12M 0S,932
465,2022-12-05,2,20H 56M 0S,549
466,2022-12-06,1,22H 56M 0S,561
467,2022-12-07,1,11H 37M 0S,404
468,2022-12-07,2,20H 50M 0S,409
469,2022-12-07,3,22H 48M 0S,773
470,2022-12-08,1,12H 14M 0S,313
471,2022-12-08,2,22H 17M 0S,423
472,2022-12-09,1,11H 10M 0S,336
473,2022-12-09,2,13H 3M 0S,1029
474,2022-12-09,3,15H 26M 0S,1560
475,2022-12-09,4,20H 4M 0S,679
476,2022-12-10,1,22H 3M 0S,760
477,2022-12-11,1,22H 1M 0S,417
478,2022-12-12,1,19H 51M 0S,1266
479,2022-12-12,2,22H 11M 0S,785
480,2022-12-13,1,12H 54M 0S,1219
481,2022-12-13,2,19H 5M 0S,1214
482,2022-12-13,3,22H 20M 0S,544
483,2022-12-13,4,23H 9M 0S,1269
484,2022-12-14,1,15H 30M 0S,947
485,2022-12-14,2,20H 10M 0S,805
486,2022-12-15,1,14H 13M 0S,1740
487,2022-12-15,2,22H 58M 0S,354
488,2022-12-16,1,20H 1M 0S,600
489,2022-12-17,1,21H 5M 0S,563
490,2022-12-18,1,22H 23M 0S,747
491,2022-12-19,1,14H 25M 0S,1351
492,2022-12-19,2,23H 45M 0S,961
493,2022-12-20,1,21H 27M 0S,512
494,2022-12-22,1,7H 39M 0S,1817
495,2022-12-22,2,18H 6M 0S,307
496,2022-12-23,1,16H 2M 0S,2509
497,2022-12-23,2,19H 42M 0S,679
498,2022-12-24,1,19H 0M 0S,1052
499,2022-12-25,1,20H 50M 0S,608
500,2022-12-26,1,22H 11M 0S,491
501,2022-12-27,1,22H 21M 0S,571
502,2022-12-28,1,18H 51M 0S,4508
503,2022-12-28,2,22H 18M 0S,495
504,2022-12-29,1,22H 54M 0S,529
505,2022-12-30,1,19H 46M 0S,383
506,2022-12-31,1,17H 49M 0S,547
507,2022-12-31,2,23H 55M 0S,1618
508,2023-01-01,1,20H 2M 0S,346
509,2023-01-02,1,21H 30M 0S,620
510,2023-01-03,1,22H 17M 0S,693
511,2023-01-04,1,22H 44M 0S,797
512,2023-01-05,1,23H 3M 0S,1170
513,2023-01-06,1,19H 0M 0S,511
514,2023-01-06,2,21H 21M 0S,784
515,2023-01-07,1,19H 58M 0S,462
516,2023-01-08,1,20H 56M 0S,600
517,2023-01-09,1,22H 30M 0S,706
518,2023-01-10,1,22H 4M 0S,724
519,2023-01-11,1,19H 2M 0S,467
520,2023-01-12,1,22H 7M 0S,555
521,2023-01-13,1,13H 15M 0S,879
522,2023-01-13,2,22H 30M 0S,718
523,2023-01-14,1,19H 41M 0S,595
524,2023-01-15,1,21H 8M 0S,622
525,2023-01-16,1,22H 17M 0S,925
526,2023-01-17,1,21H 28M 0S,1064
527,2023-01-17,2,22H 44M 0S,575
528,2023-01-18,1,20H 41M 0S,715
529,2023-01-18,2,22H 7M 0S,679
530,2023-01-19,1,12H 24M 0S,397
531,2023-01-19,2,22H 50M 0S,877
532,2023-01-20,1,14H 3M 0S,724
533,2023-01-20,2,20H 11M 0S,634
534,2023-01-21,1,18H 0M 0S,711
535,2023-01-21,2,20H 24M 0S,244
536,2023-01-22,1,9H 3M 0S,635
537,2023-01-22,2,21H 36M 0S,690
538,2023-01-23,1,19H 43M 0S,752
539,2023-01-23,2,22H 45M 0S,665
540,2023-01-24,1,23H 24M 0S,1003
541,2023-01-25,1,21H 39M 0S,815
542,2023-01-26,1,22H 12M 0S,759
543,2023-01-27,1,10H 49M 0S,136
544,2023-01-27,2,19H 54M 0S,721
545,2023-01-28,1,21H 38M 0S,593
546,2023-01-29,1,20H 35M 0S,842
547,2023-01-30,1,20H 25M 0S,630
548,2023-01-31,1,22H 56M 0S,594
549,2023-02-01,1,22H 56M 0S,586
550,2023-02-02,1,16H 50M 0S,944
551,2023-02-02,2,18H 33M 0S,584
552,2023-02-02,3,21H 54M 0S,654
553,2023-02-03,1,20H 34M 0S,931
554,2023-02-04,1,20H 5M 0S,610
555,2023-02-05,1,21H 6M 0S,696
556,2023-02-06,1,21H 36M 0S,572
557,2023-02-07,1,20H 9M 0S,620
558,2023-02-08,1,19H 28M 0S,1870
559,2023-02-09,1,14H 10M 0S,1489
560,2023-02-09,2,15H 48M 0S,1630
561,2023-02-10,1,14H 27M 0S,179
562,2023-02-10,2,16H 46M 0S,796
563,2023-02-10,3,18H 55M 0S,747
564,2023-02-11,1,17H 50M 0S,523
565,2023-02-12,1,20H 44M 0S,524
566,2023-02-13,1,22H 40M 0S,1112
567,2023-02-14,1,21H 45M 0S,660
568,2023-02-15,1,23H 5M 0S,664
569,2023-02-16,1,11H 48M 0S,772
570,2023-02-16,2,22H 25M 0S,942
571,2023-02-17,1,36M 0S,911
572,2023-02-17,2,18H 46M 0S,1357
573,2023-02-17,3,19H 9M 0S,775
574,2023-02-17,4,20H 18M 0S,593
575,2023-02-18,1,21H 10M 0S,732
576,2023-02-19,1,21H 30M 0S,686
577,2023-02-20,1,9H 3M 0S,394
578,2023-02-20,2,22H 34M 0S,982
579,2023-02-21,1,23H 12M 0S,868
580,2023-02-22,1,12H 55M 0S,476
581,2023-02-22,2,22H 50M 0S,957
582,2023-02-24,1,10M 0S,529
583,2023-02-24,2,8H 3M 0S,1583
584,2023-02-25,1,12H 49M 0S,415
585,2023-02-25,2,14H 12M 0S,569
586,2023-02-25,3,20H 58M 0S,626
587,2023-02-25,4,21H 4M 0S,395
588,2023-02-26,1,19H 25M 0S,967
589,2023-02-27,1,22H 7M 0S,595
590,2023-02-28,1,17H 49M 0S,676
591,2023-02-28,2,22H 48M 0S,976
592,2023-03-01,1,21H 44M 0S,620
593,2023-03-02,1,21H 27M 0S,502
594,2023-03-03,1,20H 40M 0S,1609
595,2023-03-03,2,21H 1M 0S,767
596,2023-03-04,1,17H 29M 0S,538
597,2023-03-05,1,20H 25M 0S,665
598,2023-03-06,1,22H 26M 0S,586
599,2023-03-07,1,19H 0M 0S,458
600,2023-03-08,1,11H 59M 0S,219
601,2023-03-08,2,21H 47M 0S,589
602,2023-03-09,1,22H 54M 0S,852
603,2023-03-10,1,20H 24M 0S,770
604,2023-03-10,2,20H 54M 0S,986
605,2023-03-11,1,19H 39M 0S,563
606,2023-03-12,1,20H 11M 0S,903
607,2023-03-13,1,21H 42M 0S,621
608,2023-03-14,1,23H 37M 0S,732
609,2023-03-15,1,22H 45M 0S,880
610,2023-03-16,1,22H 3M 0S,770
611,2023-03-17,1,20H 26M 0S,745
612,2023-03-18,1,21H 24M 0S,703
613,2023-03-19,1,20H 57M 0S,688
614,2023-03-20,1,21H 36M 0S,597
615,2023-03-21,1,22H 29M 0S,788
616,2023-03-22,1,19H 51M 0S,767
617,2023-03-23,1,20H 42M 0S,1429
618,2023-03-23,2,21H 34M 0S,712
619,2023-03-24,1,20H 10M 0S,615
620,2023-03-25,1,11H 31M 0S,281
621,2023-03-25,2,21H 41M 0S,655
622,2023-03-26,1,23H 55M 0S,983
623,2023-03-27,1,22H 39M 0S,776
624,2023-03-28,1,22H 12M 0S,521
625,2023-03-29,1,21H 44M 0S,1085
626,2023-03-29,2,22H 22M 0S,600
627,2023-03-30,1,13H 20M 0S,1248
628,2023-03-30,2,21H 43M 0S,592
629,2023-03-31,1,22H 55M 0S,291
630,2023-04-01,1,20H 2M 0S,617
631,2023-04-02,1,19H 57M 0S,532
632,2023-04-03,1,22H 42M 0S,758
633,2023-04-04,1,19H 53M 0S,1142
634,2023-04-04,2,22H 42M 0S,664
635,2023-04-05,1,38M 0S,1317
636,2023-04-05,2,22H 45M 0S,1519
637,2023-04-06,1,22H 13M 0S,433
638,2023-04-07,1,23H 14M 0S,523
639,2023-04-08,1,21H 9M 0S,746
640,2023-04-09,1,21H 30M 0S,587
641,2023-04-11,1,22H 28M 0S,672
642,2023-04-12,1,11H 9M 0S,232
643,2023-04-12,2,22H 27M 0S,776
644,2023-04-12,3,23H 57M 0S,853
645,2023-04-13,1,18H 59M 0S,718
646,2023-04-14,1,19H 34M 0S,724
647,2023-04-15,1,21H 8M 0S,649
648,2023-04-16,1,8H 0M 0S,843
649,2023-04-17,1,18H 29M 0S,620
650,2023-04-18,1,22H 15M 0S,529
651,2023-04-19,1,23H 47M 0S,450
652,2023-04-20,1,16H 54M 0S,1382
653,2023-04-20,2,23H 9M 0S,800
654,2023-04-21,1,10H 6M 0S,1514
655,2023-04-21,2,19H 2M 0S,628
656,2023-04-22,1,21H 21M 0S,590
657,2023-04-23,1,21H 10M 0S,662
658,2023-04-24,1,19H 42M 0S,678
659,2023-04-25,1,22H 23M 0S,790
660,2023-04-26,1,18H 21M 0S,1536
661,2023-04-26,2,22H 25M 0S,916
662,2023-04-27,1,21H 51M 0S,625
663,2023-04-28,1,21H 51M 0S,744
664,2023-04-29,1,20H 42M 0S,489
665,2023-04-30,1,16H 31M 0S,619
666,2023-05-01,1,21H 56M 0S,680
667,2023-05-02,1,20H 5M 0S,471
668,2023-05-04,1,14H 52M 0S,1187
669,2023-05-04,2,16H 53M 0S,1374
670,2023-05-05,1,17H 41M 0S,1511
671,2023-05-05,2,20H 27M 0S,688
672,2023-05-06,1,19H 35M 0S,474
673,2023-05-07,1,20H 22M 0S,610
674,2023-05-08,1,9H 0M 0S,1399
675,2023-05-08,2,21H 39M 0S,734
676,2023-05-09,1,17H 33M 0S,823
677,2023-05-09,2,21H 51M 0S,682
678,2023-05-10,1,22H 25M 0S,644
679,2023-05-11,1,22H 41M 0S,1010
680,2023-05-12,1,18H 19M 0S,519
681,2023-05-13,1,23H 25M 0S,627
682,2023-05-14,1,22H 49M 0S,2297
683,2023-05-15,1,19H 19M 0S,543
684,2023-05-16,1,22H 26M 0S,537
685,2023-05-16,2,23H 14M 0S,722
686,2023-05-17,1,22H 30M 0S,467
687,2023-05-18,1,19H 15M 0S,633
688,2023-05-18,2,21H 1M 0S,697
689,2023-05-19,1,17H 36M 0S,1163
690,2023-05-20,1,18H 18M 0S,512
691,2023-05-21,1,7H 33M 0S,1098
692,2023-05-21,2,8H 19M 0S,642
693,2023-05-21,3,16H 3M 0S,1040
694,2023-05-21,4,21H 2M 0S,359
695,2023-05-22,1,18H 8M 0S,420
696,2023-05-23,1,22H 24M 0S,503
697,2023-05-24,1,21H 56M 0S,899
698,2023-05-25,1,17H 47M 0S,741
699,2023-05-25,2,21H 14M 0S,670
700,2023-05-25,3,21H 35M 0S,1176
701,2023-05-26,1,19H 23M 0S,503
702,2023-05-27,1,21H 15M 0S,470
703,2023-05-28,1,19H 5M 0S,721
704,2023-05-29,1,19H 31M 0S,307
705,2023-05-29,2,21H 48M 0S,794
706,2023-05-30,1,22H 11M 0S,666
707,2023-05-31,1,12H 58M 0S,1844
708,2023-05-31,2,22H 53M 0S,579
